<?xml version="1.0" encoding="UTF-8"?>
<metadata xml:lang="en"><Esri><CreaDate>20211129</CreaDate><CreaTime>18103600</CreaTime><ArcGISFormat>1.0</ArcGISFormat><SyncOnce>FALSE</SyncOnce><Locator><Properties><BuildVersion>$Revision: 17$</BuildVersion><BuildVersionDate>$Date: 6/27/18 1:56:58 PM PDT$</BuildVersionDate><CL><CaminhoPedonal><Enabled>TRUE</Enabled><Input>SingleKey</Input><LocWks>Type=Database;Wks=(ProgID = esriDataSourcesFile.ShapefileWorkspaceFactory.1; Path = .)</LocWks><Name>CaminhoPedonal_AL</Name><Select></Select></CaminhoPedonal><Caminho_AL><Enabled>TRUE</Enabled><Input>SingleKey</Input><LocWks>Type=Database;Wks=(ProgID = esriDataSourcesFile.ShapefileWorkspaceFactory.1; Path = .)</LocWks><Name>Caminho_AL</Name><Select></Select></Caminho_AL><Canteiros_AL><Enabled>TRUE</Enabled><Input>SingleKey</Input><LocWks>Type=Database;Wks=(ProgID = esriDataSourcesFile.ShapefileWorkspaceFactory.1; Path = .)</LocWks><Name>Canteiros_AL</Name><Select></Select></Canteiros_AL><Ciclovia_AL><Enabled>TRUE</Enabled><Input>SingleKey</Input><LocWks>Type=Database;Wks=(ProgID = esriDataSourcesFile.ShapefileWorkspaceFactory.1; Path = .)</LocWks><Name>Ciclovia_AL</Name><Select></Select></Ciclovia_AL><Edificio_AL><Enabled>TRUE</Enabled><Input>SingleKey</Input><LocWks>Type=Database;Wks=(ProgID = esriDataSourcesFile.ShapefileWorkspaceFactory.1; Path = .)</LocWks><Name>Edificio_AL</Name><Select></Select></Edificio_AL><Estacionamento><Enabled>TRUE</Enabled><Input>SingleKey</Input><LocWks>Type=Database;Wks=(ProgID = esriDataSourcesFile.ShapefileWorkspaceFactory.1; Path = .)</LocWks><Name>Estacionamento_AL</Name><Select></Select></Estacionamento><Estrada_AL><Enabled>TRUE</Enabled><Input>SingleKey</Input><LocWks>Type=Database;Wks=(ProgID = esriDataSourcesFile.ShapefileWorkspaceFactory.1; Path = .)</LocWks><Name>Estrada_AL</Name><Select></Select></Estrada_AL><Gabinete_AL><Enabled>TRUE</Enabled><Input>SingleKey</Input><LocWks>Type=Database;Wks=(ProgID = esriDataSourcesFile.ShapefileWorkspaceFactory.1; Path = .)</LocWks><Name>Gabinete_AL</Name><Select></Select></Gabinete_AL><Locator>ServicoPontos_</Locator><Locator>CaminhoPedonal</Locator><Locator>Estrada_AL</Locator><Locator>Ciclovia_AL</Locator><Locator>Estacionamento</Locator><Locator>Gabinete_AL</Locator><Locator>SalaAula_AL</Locator><Locator>ServPolig_AL</Locator><Locator>SalaComputador</Locator><Locator>Edificio_AL</Locator><Locator>Canteiros_AL</Locator><Locator>Caminho_AL</Locator><SalaAula_AL><Enabled>TRUE</Enabled><Input>SingleKey</Input><LocWks>Type=Database;Wks=(ProgID = esriDataSourcesFile.ShapefileWorkspaceFactory.1; Path = .)</LocWks><Name>SalaAula_AL</Name><Select></Select></SalaAula_AL><SalaComputador><Enabled>TRUE</Enabled><Input>SingleKey</Input><LocWks>Type=Database;Wks=(ProgID = esriDataSourcesFile.ShapefileWorkspaceFactory.1; Path = .)</LocWks><Name>SalaComputador_AL</Name><Select></Select></SalaComputador><ServicoPontos_><Enabled>TRUE</Enabled><Input>SingleKey</Input><LocWks>Type=Database;Wks=(ProgID = esriDataSourcesFile.ShapefileWorkspaceFactory.1; Path = .)</LocWks><Name>ServicoPontos_AL</Name><Select></Select></ServicoPontos_><ServPolig_AL><Enabled>TRUE</Enabled><Input>SingleKey</Input><LocWks>Type=Database;Wks=(ProgID = esriDataSourcesFile.ShapefileWorkspaceFactory.1; Path = .)</LocWks><Name>ServPolig_AL</Name><Select></Select></ServPolig_AL><SkipBadLocators>FALSE</SkipBadLocators><SR>ByDescr<Descr>PROJCS["ETRS_1989_Portugal_TM06",GEOGCS["GCS_ETRS_1989",DATUM["D_ETRS_1989",SPHEROID["GRS_1980",6378137.0,298.257222101]],PRIMEM["Greenwich",0.0],UNIT["Degree",0.0174532925199433]],PROJECTION["Transverse_Mercator"],PARAMETER["False_Easting",0.0],PARAMETE</Descr><Descr>R["False_Northing",0.0],PARAMETER["Central_Meridian",-8.133108333333334],PARAMETER["Scale_Factor",1.0],PARAMETER["Latitude_Of_Origin",39.66825833333333],UNIT["Meter",1.0]],VERTCS["Cascais",VDATUM["Cascais"],PARAMETER["Vertical_Shift",0.0],PARAMETER["Dire</Descr><Descr>ction",1.0],UNIT["Meter",1.0]]</Descr><Domain>-5623200.000000,-14394800.000000,900714302274.098999,900705530674.098999</Domain></SR></CL><CLSID>{29B85A89-D2CE-4aeb-BC3F-661A3D2C296E}</CLSID><FieldAliases>Key</FieldAliases><FieldNames><_0>SingleKey</_0></FieldNames><Fields>SingleKey</Fields><FieldSizes>100</FieldSizes><FieldsRequired>FALSE</FieldsRequired><LocatorWorkspaceString>ProgID = esriDataSourcesFile.ShapefileWorkspaceFactory; Path = C:\Users\Eow\Desktop\Mestrado\SLG\Praticas\57541\</LocatorWorkspaceString><LocFileUseUTF8>True</LocFileUseUTF8><MaxSuggestCandidates>10</MaxSuggestCandidates><RebuildStartTime>132826830363220000</RebuildStartTime><RebuildStartTimeAscii>18:10:36</RebuildStartTimeAscii><RuntimeMemoryLimit>1024000000</RuntimeMemoryLimit><SafeLocatorName>57541_CAL</SafeLocatorName><SingleLineField>SingleLine</SingleLineField><SingleLineFieldAlias>Single Line Input</SingleLineFieldAlias><SingleLineFieldNames>Address</SingleLineFieldNames><SingleLineFieldNames>SingleLine</SingleLineFieldNames><SingleLineFieldNames>FullAddress</SingleLineFieldNames><SingleLineFieldNames>Customer</SingleLineFieldNames><SingleLineFieldSize>100</SingleLineFieldSize><UICLSID>{3D486637-6BCF-4A0C-83DB-A02D437FB8FC}</UICLSID><UseMultithreading>True</UseMultithreading><UseRelativePaths>TRUE</UseRelativePaths><Version>10.0</Version><WritePercentAlongField>FALSE</WritePercentAlongField><WriteReferenceIDField>FALSE</WriteReferenceIDField><WriteStandardizedAddressField>False</WriteStandardizedAddressField><WriteXYCoordFields>TRUE</WriteXYCoordFields><DefaultPath>C:\Users\Eow\Desktop\Mestrado\SLG\Praticas\57541\</DefaultPath></Properties></Locator><SyncDate>20211129</SyncDate><SyncTime>18154400</SyncTime><ModDate>20211129</ModDate><ModTime>18154400</ModTime><DataProperties><coordRef><type Sync="TRUE">Projected</type><geogcsn Sync="TRUE">GCS_ETRS_1989</geogcsn><csUnits Sync="TRUE">Linear Unit: Meter (1.000000)</csUnits><projcsn Sync="TRUE">ETRS_1989_Portugal_TM06</projcsn><peXml Sync="TRUE">&lt;ProjectedCoordinateSystem xsi:type='typens:ProjectedCoordinateSystem' xmlns:xsi='http://www.w3.org/2001/XMLSchema-instance' xmlns:xs='http://www.w3.org/2001/XMLSchema' xmlns:typens='http://www.esri.com/schemas/ArcGIS/10.7'&gt;&lt;WKT&gt;PROJCS[&amp;quot;ETRS_1989_Portugal_TM06&amp;quot;,GEOGCS[&amp;quot;GCS_ETRS_1989&amp;quot;,DATUM[&amp;quot;D_ETRS_1989&amp;quot;,SPHEROID[&amp;quot;GRS_1980&amp;quot;,6378137.0,298.257222101]],PRIMEM[&amp;quot;Greenwich&amp;quot;,0.0],UNIT[&amp;quot;Degree&amp;quot;,0.0174532925199433]],PROJECTION[&amp;quot;Transverse_Mercator&amp;quot;],PARAMETER[&amp;quot;False_Easting&amp;quot;,0.0],PARAMETER[&amp;quot;False_Northing&amp;quot;,0.0],PARAMETER[&amp;quot;Central_Meridian&amp;quot;,-8.133108333333334],PARAMETER[&amp;quot;Scale_Factor&amp;quot;,1.0],PARAMETER[&amp;quot;Latitude_Of_Origin&amp;quot;,39.66825833333333],UNIT[&amp;quot;Meter&amp;quot;,1.0]],VERTCS[&amp;quot;Cascais&amp;quot;,VDATUM[&amp;quot;Cascais&amp;quot;],PARAMETER[&amp;quot;Vertical_Shift&amp;quot;,0.0],PARAMETER[&amp;quot;Direction&amp;quot;,1.0],UNIT[&amp;quot;Meter&amp;quot;,1.0]]&lt;/WKT&gt;&lt;XOrigin&gt;-5623200&lt;/XOrigin&gt;&lt;YOrigin&gt;-14394800&lt;/YOrigin&gt;&lt;XYScale&gt;10000&lt;/XYScale&gt;&lt;ZOrigin&gt;-100000&lt;/ZOrigin&gt;&lt;ZScale&gt;10000&lt;/ZScale&gt;&lt;MOrigin&gt;-100000&lt;/MOrigin&gt;&lt;MScale&gt;10000&lt;/MScale&gt;&lt;XYTolerance&gt;0.001&lt;/XYTolerance&gt;&lt;ZTolerance&gt;0.001&lt;/ZTolerance&gt;&lt;MTolerance&gt;0.001&lt;/MTolerance&gt;&lt;HighPrecision&gt;true&lt;/HighPrecision&gt;&lt;WKID&gt;3763&lt;/WKID&gt;&lt;LatestWKID&gt;3763&lt;/LatestWKID&gt;&lt;VCSWKID&gt;5780&lt;/VCSWKID&gt;&lt;LatestVCSWKID&gt;5780&lt;/LatestVCSWKID&gt;&lt;/ProjectedCoordinateSystem&gt;</peXml></coordRef></DataProperties></Esri><dataIdInfo><envirDesc Sync="TRUE"> Version 6.2 (Build 9200) ; Esri ArcGIS 10.7.1.11595</envirDesc><dataLang><languageCode value="eng" Sync="TRUE"></languageCode><countryCode value="GBR" Sync="TRUE"></countryCode></dataLang><spatRpType><SpatRepTypCd value="001" Sync="TRUE"></SpatRepTypCd></spatRpType></dataIdInfo><mdLang><languageCode value="eng" Sync="TRUE"></languageCode><countryCode value="GBR" Sync="TRUE"></countryCode></mdLang><mdChar><CharSetCd value="004" Sync="TRUE"></CharSetCd></mdChar><mdDateSt Sync="TRUE">20211129</mdDateSt><DatasetName>57541_CAL</DatasetName><DatasetType>Address Locator</DatasetType><refSysInfo><RefSystem><refSysID><identCode code="3763" Sync="TRUE"></identCode><idCodeSpace Sync="TRUE">EPSG</idCodeSpace><idVersion Sync="TRUE">6.14(9.3.0.0)</idVersion></refSysID></RefSystem></refSysInfo></metadata>
